MedInc,HouseAge,AveRooms,AveBedrms,Population,AveOccup,Latitude,Longitude,MedianHouseValue
3.226,52.0,5.372469635627531,0.9473684210526315,1157.0,2.3421052631578947,37.96,-121.31,1.076
5.0603,26.0,6.304,1.016,346.0,2.768,32.81,-117.17,1.857
1.6993,28.0,4.721153846153846,1.0673076923076923,1196.0,3.8333333333333335,34.15,-117.33,0.678
3.2589,9.0,11.458507963118189,2.0561609388097235,2811.0,2.3562447611064545,37.84,-120.2,1.379
5.0461,15.0,7.351981351981352,1.1375291375291374,1656.0,3.86013986013986,33.19,-117.11,2.224
3.0434,22.0,19.163120567375888,3.9361702127659575,1062.0,2.5106382978723403,34.24,-117.2,1.372
3.5055,47.0,5.273612463485882,1.085686465433301,2177.0,2.1197663096397275,37.97,-122.57,3.821
3.9044,20.0,3.7144790257104194,1.0581867388362651,1161.0,1.5710419485791611,34.1,-118.35,4.364
3.9265,11.0,4.975903614457831,0.9036144578313253,684.0,4.120481927710843,38.03,-121.28,1.074
2.75,32.0,6.090301003344481,1.1538461538461537,812.0,2.7157190635451505,36.32,-119.25,0.722
2.7254,41.0,3.834829443447038,0.9856373429084381,986.0,1.770197486535009,34.02,-118.47,4.444
5.1009,52.0,6.123333333333333,1.0433333333333332,668.0,2.2266666666666666,32.69,-117.18,5.00001
4.6167,11.0,4.694835680751174,0.9178403755868545,1503.0,3.528169014084507,34.09,-117.61,1.44
4.75,35.0,5.626984126984127,1.1031746031746033,1247.0,3.298941798941799,33.86,-117.94,1.856
3.5,14.0,5.5528455284552845,1.0785907859078592,1071.0,2.902439024390244,38.16,-121.32,2.408
10.8289,9.0,6.825027685492802,1.1118493909191585,1912.0,2.1173864894795127,33.63,-117.87,5.00001
4.1375,16.0,6.214452214452215,1.048951048951049,1203.0,2.804195804195804,35.49,-120.69,2.224
3.3125,49.0,4.698581560283688,0.9822695035460993,764.0,2.7092198581560285,37.74,-122.15,1.18
6.1349,33.0,6.893416927899686,0.9780564263322884,827.0,2.592476489028213,37.55,-122.33,5.00001
3.0293,28.0,3.9799764428739692,1.0812720848056536,1849.0,2.177856301531213,32.8,-117.23,2.417
2.5486,23.0,5.604081632653061,1.0775510204081633,677.0,2.763265306122449,37.72,-121.01,1.611
7.9393,8.0,6.870503597122302,0.9328537170263789,1376.0,3.2997601918465227,37.74,-121.98,3.993
5.749,36.0,5.822368421052632,0.9736842105263158,938.0,3.085526315789474,34.26,-118.48,2.38
1.2321,35.0,3.062256809338521,1.1731517509727627,820.0,1.595330739299611,33.77,-118.19,1.375
0.4999,52.0,2.870967741935484,0.8548387096774194,152.0,2.4516129032258065,37.65,-121.01,0.825
5.0923,16.0,7.176351351351351,1.204054054054054,3836.0,2.591891891891892,33.91,-117.98,2.572
2.918,39.0,3.8917378917378915,1.0446343779677112,2054.0,1.9506172839506173,34.0,-118.46,3.456
7.0309,29.0,5.436781609195402,1.1839080459770115,359.0,4.126436781609195,37.41,-122.15,4.75
3.8147,19.0,5.024813895781637,1.0272952853598014,1663.0,4.126550868486352,33.14,-117.2,1.392
5.6798,4.0,6.395640930919837,1.1909863317325453,6902.0,2.549685999261175,34.41,-118.56,3.209
2.0702,30.0,3.277158774373259,1.0139275766016713,1365.0,1.9011142061281336,34.09,-118.36,2.833
2.5735,20.0,4.742203742203742,0.9230769230769231,1545.0,3.212058212058212,34.05,-117.71,1.305
2.0708,28.0,6.3710407239819,1.411764705882353,522.0,2.3619909502262444,38.92,-119.98,0.896
2.7058,28.0,3.3763085399449038,1.0815426997245179,3586.0,1.9757575757575758,34.0,-118.43,3.109
2.4598,36.0,5.358381502890174,1.1059730250481696,1438.0,2.770712909441233,37.76,-122.16,1.555
3.1607,20.0,5.223168654173765,1.1277683134582623,2595.0,2.2103918228279387,38.51,-121.53,1.789
3.8897,14.0,6.097222222222222,1.0717592592592593,1402.0,3.2453703703703702,38.36,-121.2,1.757
4.061,52.0,5.8431372549019605,1.0529411764705883,1128.0,2.211764705882353,37.97,-121.3,1.136
2.2372,19.0,4.052459016393443,1.0131147540983607,2143.0,3.5131147540983605,33.88,-117.55,1.088
4.2262,14.0,6.540913921360255,1.0988310308182785,2407.0,2.5579171094580233,38.67,-121.25,2.443
4.7357,24.0,6.016985138004246,0.9978768577494692,1815.0,3.8535031847133756,34.05,-117.7,1.625
5.8239,17.0,6.887323943661972,1.0250391236306728,1970.0,3.082942097026604,38.41,-121.32,2.475
4.1818,34.0,5.5565610859728505,0.9276018099547512,1289.0,2.916289592760181,33.79,-117.97,2.242
5.2661,37.0,6.7018867924528305,1.1358490566037736,702.0,2.6490566037735848,34.26,-118.34,3.149
2.5917,43.0,4.548821548821548,0.9326599326599326,1011.0,3.404040404040404,38.41,-122.78,1.44
5.244,35.0,5.488970588235294,0.9816176470588235,811.0,2.9816176470588234,33.8,-117.96,2.18
2.4135,36.0,5.364795918367347,0.9948979591836735,1279.0,3.2627551020408165,32.7,-117.08,0.97
6.0265,32.0,6.4066985645933014,1.0,601.0,2.875598086124402,37.95,-122.09,2.479
2.0,32.0,3.7413333333333334,1.064,1506.0,4.016,33.98,-118.2,1.727
4.7275,26.0,5.367901234567901,1.0049382716049382,2347.0,2.897530864197531,37.3,-121.94,2.93
2.0536,44.0,2.7660550458715596,0.9495412844036697,588.0,2.697247706422018,34.03,-118.15,1.864
3.22,52.0,5.956639566395664,1.075880758807588,984.0,2.6666666666666665,37.78,-122.19,1.565
3.9688,30.0,6.60431654676259,1.1079136690647482,469.0,3.3741007194244603,37.61,-120.8,1.75
3.4005,34.0,5.099773242630386,1.0430839002267573,1544.0,3.5011337868480727,34.1,-118.0,1.763
1.7031,16.0,3.500770416024653,0.9691833590138675,1689.0,2.6024653312788906,35.29,-120.66,1.95
4.5987,32.0,5.295880149812734,1.1779026217228465,1313.0,2.458801498127341,33.92,-118.4,3.638
10.7058,52.0,8.433898305084746,0.9525423728813559,805.0,2.7288135593220337,37.79,-122.49,5.00001
5.2987,18.0,6.159325210871603,1.035613870665417,3473.0,3.254920337394564,34.32,-118.41,2.034
3.48,26.0,5.610619469026549,1.0123893805309734,1524.0,2.697345132743363,37.31,-120.46,0.953
2.2791,23.0,5.394944707740916,1.2290679304897314,1492.0,2.3570300157977884,34.86,-120.45,1.148
2.2083,52.0,4.8561872909699,1.0334448160535117,637.0,2.130434782608696,39.21,-121.06,1.039
2.2188,38.0,3.5743073047858944,1.035264483627204,1226.0,3.08816120906801,38.13,-121.26,0.688
2.75,19.0,3.735632183908046,0.8505747126436781,354.0,4.068965517241379,33.93,-118.24,0.906
2.1083,20.0,4.2041467304625195,1.10207336523126,1142.0,1.821371610845295,37.96,-122.03,1.625
6.2838,34.0,6.948717948717949,1.0,442.0,2.2666666666666666,37.8,-122.18,3.182
1.7875,18.0,5.270440251572327,1.0440251572327044,733.0,2.3050314465408803,39.76,-121.58,1.038
1.4871,27.0,3.9380952380952383,1.138095238095238,1141.0,2.716666666666667,38.03,-121.94,0.871
6.6756,52.0,7.403800475059382,1.1116389548693586,1114.0,2.646080760095012,37.44,-122.14,5.00001
2.9576,25.0,4.566765578635015,1.0346191889218594,2685.0,2.655786350148368,38.26,-122.03,1.085
5.5198,14.0,6.559751037344398,1.0311203319502074,7363.0,3.055186721991701,34.14,-117.61,2.456
2.3182,25.0,4.136054421768708,1.1306122448979592,1580.0,2.1496598639455784,33.98,-118.04,1.821
3.4306,18.0,4.826996197718631,1.1711026615969582,964.0,1.832699619771863,32.79,-117.24,2.75
2.5437,43.0,4.6626139817629175,1.1671732522796352,1231.0,3.7416413373860182,33.99,-118.3,0.945
2.6833,8.0,5.439024390243903,1.1280487804878048,427.0,2.6036585365853657,38.57,-120.72,1.188
4.6554,11.0,5.975945017182131,1.0103092783505154,1693.0,2.90893470790378,34.62,-120.08,2.723
1.7448,23.0,5.384615384615385,1.1775147928994083,370.0,2.1893491124260356,41.41,-122.39,0.801
3.6346,22.0,6.052132701421801,1.0592417061611374,1147.0,2.7180094786729856,33.19,-117.23,1.925
5.0,34.0,6.474708171206226,1.1361867704280155,705.0,2.7431906614785992,34.35,-119.74,3.294
0.7286,46.0,3.375451263537906,1.0722021660649819,582.0,2.101083032490975,37.81,-122.29,0.952
1.75,43.0,4.053571428571429,1.0357142857142858,1005.0,4.486607142857143,34.04,-118.17,1.34
5.6306,5.0,5.958393113342898,1.0315638450502151,2435.0,3.4935437589670015,37.33,-121.76,2.862
2.7436,27.0,4.159169550173011,1.0602076124567474,3620.0,2.5051903114186853,34.1,-118.09,2.017
2.163,18.0,4.383399209486166,1.1185770750988142,1006.0,3.9762845849802373,33.13,-115.52,0.534
3.0147,52.0,6.7407407407407405,1.1111111111111112,806.0,2.9851851851851854,40.54,-124.35,0.946
2.2895,10.0,4.345454545454546,0.9136363636363637,693.0,3.15,36.3,-119.7,0.62
2.6429,24.0,3.981958762886598,1.0077319587628866,1807.0,4.657216494845361,33.91,-118.21,1.053
5.1583,8.0,4.83743842364532,1.0172413793103448,913.0,2.248768472906404,33.68,-117.81,1.922
3.1979,43.0,3.79155672823219,1.071240105540897,692.0,1.8258575197889182,32.74,-117.16,4.667
4.2227,28.0,4.899532710280374,0.947429906542056,2556.0,2.985981308411215,34.21,-119.19,2.354
4.5739,35.0,6.01010101010101,0.9696969696969697,1033.0,3.478114478114478,33.79,-117.92,1.905
6.8194,16.0,7.760683760683761,1.0299145299145298,793.0,3.388888888888889,37.26,-121.85,2.912
3.0083,25.0,3.3438661710037176,1.0353159851301115,3416.0,6.349442379182156,33.74,-117.88,1.635
3.67,14.0,5.93950177935943,1.0818505338078293,1373.0,2.4430604982206408,39.27,-120.83,1.601
4.3472,15.0,5.923832923832924,1.095823095823096,1144.0,2.810810810810811,38.34,-122.47,2.61
3.5781,37.0,4.8281750266808965,1.0725720384204909,2099.0,2.240128068303095,34.17,-118.23,3.667
0.9705,42.0,3.8,1.06,411.0,4.11,33.94,-118.24,0.9
8.5842,42.0,5.765935214211076,1.0229885057471264,1863.0,1.9467084639498433,34.11,-118.37,5.00001
2.9334,22.0,4.334478021978022,1.0796703296703296,6666.0,4.5782967032967035,34.07,-118.01,1.826
1.3844,29.0,3.4564643799472297,0.9604221635883905,1009.0,2.662269129287599,37.78,-122.43,1.775
2.2138,47.0,5.3003003003003,0.978978978978979,796.0,2.3903903903903903,40.87,-124.07,0.992
4.8409,29.0,5.105809128630705,1.1099585062240664,1236.0,2.5643153526970957,33.91,-118.35,2.44
7.0544,25.0,6.801089918256131,0.9564032697547684,1034.0,2.8174386920980927,37.41,-121.81,3.207
2.7857,8.0,5.680733944954128,1.255045871559633,1454.0,2.6678899082568805,36.78,-119.85,0.797
3.2875,52.0,4.052631578947368,0.868421052631579,89.0,2.3421052631578947,37.94,-122.41,2.75
2.1571,48.0,6.118483412322274,1.1753554502369667,580.0,2.748815165876777,34.84,-114.61,0.486
10.0595,26.0,8.692307692307692,1.0769230769230769,573.0,3.1483516483516483,34.19,-118.9,5.00001
4.4875,8.0,6.087227414330218,1.02803738317757,973.0,3.0311526479750777,33.76,-117.4,2.491
4.7019,14.0,6.143631436314363,0.962059620596206,1140.0,3.089430894308943,38.98,-121.06,2.128
3.2405,16.0,6.11377245508982,1.215568862275449,2033.0,3.0434131736526946,35.12,-118.46,0.855
6.8872,2.0,10.27217125382263,1.311926605504587,2012.0,3.076452599388379,38.3,-122.08,3.052
1.1875,48.0,5.492063492063492,1.4603174603174602,129.0,2.0476190476190474,35.38,-119.02,0.638
2.6994,16.0,4.303411131059246,0.8994614003590664,1053.0,1.8904847396768403,38.01,-121.25,1.125
4.6111,36.0,5.4576271186440675,0.8135593220338984,133.0,2.2542372881355934,38.64,-121.37,1.393
2.4271,42.0,4.344827586206897,1.0031347962382444,1163.0,3.64576802507837,33.9,-118.25,0.895
4.9531,47.0,5.884097035040432,1.0242587601078168,927.0,2.498652291105121,33.99,-118.35,1.801
3.0952,23.0,5.801324503311259,1.1015452538631347,1210.0,2.671081677704194,38.65,-121.32,1.577
2.0571,24.0,3.5036086607858863,1.0850040096230955,3123.0,2.504410585404972,32.61,-117.06,1.523
3.0877,27.0,3.596100278551532,1.001392757660167,2038.0,2.838440111420613,34.18,-118.46,1.742
4.7515,18.0,5.260416666666667,1.0873397435897436,3079.0,2.4671474358974357,33.71,-118.01,2.956
4.3783,16.0,6.028612303290415,1.0643776824034334,1820.0,2.603719599427754,32.83,-117.1,1.795
7.9234,29.0,8.017699115044248,1.0766961651917404,982.0,2.896755162241888,37.26,-121.99,5.00001
2.5652,17.0,3.1608040201005023,1.1122278056951425,1906.0,3.1926298157453936,37.32,-121.83,1.653
1.5729,36.0,4.553956834532374,1.064748201438849,557.0,4.0071942446043165,32.7,-117.14,0.827
5.5,35.0,5.981060606060606,0.9204545454545454,734.0,2.7803030303030303,37.96,-122.28,2.01
2.8102,17.0,5.560581583198708,1.1389337641357027,1693.0,2.7350565428109856,39.31,-121.13,1.289
2.5,15.0,4.581967213114754,1.1055327868852458,1837.0,1.882172131147541,37.99,-121.33,1.759
4.9196,37.0,4.866666666666666,0.8862745098039215,621.0,2.4352941176470586,33.84,-118.3,2.324
15.0001,52.0,8.907582938388625,1.099526066350711,1407.0,3.3341232227488153,34.08,-118.39,5.00001
4.5943,10.0,4.469437652811736,1.1075794621026895,1356.0,3.315403422982885,37.29,-121.83,1.235
3.3571,14.0,5.227941176470588,1.1066176470588236,1613.0,2.9650735294117645,38.3,-122.49,1.936
6.6178,44.0,6.83955223880597,1.2350746268656716,515.0,1.921641791044776,33.51,-117.78,5.00001
3.4009,22.0,6.2148337595907925,1.0664961636828645,1292.0,3.3043478260869565,37.76,-121.25,1.824
3.0417,41.0,6.0092879256965945,1.1362229102167183,1204.0,3.7275541795665634,33.88,-118.23,1.137
2.9844,32.0,5.322033898305085,0.8983050847457628,682.0,2.889830508474576,37.48,-120.96,1.359
3.9722,17.0,20.900783289817234,3.608355091383812,999.0,2.608355091383812,38.93,-120.0,3.134
4.6333,27.0,5.177152317880795,1.009933774834437,3257.0,5.392384105960265,37.33,-121.83,1.736
3.0729,12.0,6.214432989690722,1.1546391752577319,1424.0,2.936082474226804,38.01,-120.29,1.051
4.4844,31.0,5.945205479452055,0.9486301369863014,801.0,2.743150684931507,33.2,-117.22,2.055
2.5806,20.0,5.568438003220612,1.0483091787439613,1465.0,2.359098228663446,35.44,-119.01,0.825
0.9675,36.0,4.7477203647416415,1.209726443768997,1223.0,3.717325227963526,35.37,-118.98,0.471
4.5878,34.0,5.59794776119403,1.0363805970149254,2654.0,2.4757462686567164,32.75,-117.22,2.91
1.9132,31.0,2.899755501222494,0.9462102689486552,2087.0,5.102689486552567,33.99,-118.2,1.546
5.6018,16.0,6.767241379310345,0.9913793103448276,1014.0,2.913793103448276,38.37,-122.71,2.53
1.8971,41.0,5.261333333333333,1.064,1107.0,2.952,36.76,-119.82,0.669
1.8523,48.0,4.4789029535864975,1.0421940928270041,859.0,1.8122362869198312,38.01,-122.13,1.448
4.125,36.0,6.030927835051546,1.0103092783505154,1213.0,3.1262886597938144,34.01,-117.73,2.13
6.6277,35.0,6.102564102564102,1.0256410256410255,788.0,2.8864468864468864,34.24,-118.26,3.444
3.225,19.0,5.238095238095238,1.0680272108843538,1341.0,3.0408163265306123,35.48,-120.65,1.669
6.0705,30.0,6.627565982404692,1.0117302052785924,1182.0,3.466275659824047,33.81,-117.82,2.367
4.775,14.0,6.235915492957746,1.0598591549295775,1046.0,3.683098591549296,32.72,-116.99,1.433
2.5172,31.0,4.895774647887324,1.1887323943661972,746.0,2.101408450704225,36.97,-121.94,3.308
5.1786,16.0,6.860714285714286,1.1142857142857143,862.0,3.0785714285714287,33.28,-117.17,3.768
3.6417,16.0,5.760820045558087,1.0990888382687927,3388.0,3.85876993166287,34.13,-117.45,1.19
3.4044,48.0,5.093085106382978,0.925531914893617,1060.0,2.8191489361702127,33.97,-117.39,1.179
1.6563,37.0,4.2823315118397085,1.0273224043715847,1591.0,2.8979963570127505,37.96,-121.23,0.572
1.4625,37.0,4.247844827586207,1.105603448275862,1673.0,3.605603448275862,33.99,-118.28,1.03
3.4375,46.0,4.044345898004434,0.9711751662971175,1200.0,2.6607538802660753,33.86,-118.19,1.567
2.9667,42.0,5.144886363636363,0.9801136363636364,856.0,2.4318181818181817,34.15,-117.29,0.97
1.7574,42.0,4.722222222222222,1.0972222222222223,1300.0,2.5793650793650795,40.5,-124.1,0.575
1.875,26.0,5.077702702702703,1.1587837837837838,699.0,2.3614864864864864,39.77,-121.6,0.84
4.6534,24.0,6.596685082872928,0.988950276243094,1187.0,3.2790055248618786,38.25,-122.62,1.965
4.1833,22.0,6.564231738035264,1.035264483627204,1252.0,3.1536523929471034,37.76,-121.11,1.921
3.8065,5.0,5.436657681940701,1.0390835579514826,1967.0,2.650943396226415,37.69,-121.03,1.46
3.527,17.0,3.592995169082126,1.1690821256038648,1453.0,1.7548309178743962,37.72,-122.54,3.189
3.6875,29.0,5.015410958904109,1.095890410958904,1618.0,2.7705479452054793,33.82,-117.95,2.132
3.1766,52.0,3.184553660982949,1.0601805416248746,1594.0,1.5987963891675026,34.07,-118.34,2.25
4.1316,20.0,5.621776504297994,0.9570200573065902,1173.0,3.361031518624642,33.22,-117.24,1.625
3.1111,17.0,5.690437601296597,1.0307941653160453,1904.0,3.085899513776337,37.4,-120.86,1.139
1.87,38.0,2.8222222222222224,1.2355555555555555,1692.0,3.76,34.07,-118.27,1.708
4.475,33.0,5.170731707317073,1.016260162601626,1035.0,2.1036585365853657,34.16,-118.45,3.148
4.25,10.0,5.301397205588822,1.0099800399201597,1349.0,2.6926147704590817,35.61,-117.64,0.832
2.4844,46.0,4.321678321678322,1.0769230769230769,1360.0,3.1701631701631703,33.85,-118.2,1.582
1.775,29.0,3.827838827838828,1.1391941391941391,1245.0,4.56043956043956,36.51,-121.45,1.125
4.1405,5.0,5.956695156695156,1.1205128205128205,9690.0,2.7606837606837606,33.23,-117.27,1.985
1.6953,35.0,3.7439024390243905,1.0975609756097562,691.0,4.213414634146342,32.71,-117.13,0.813
1.9412,42.0,4.372781065088757,1.057199211045365,1203.0,2.3727810650887573,38.63,-121.42,0.731
4.5189,45.0,5.637010676156583,1.0640569395017794,1341.0,2.386120996441281,32.69,-117.17,4.222
8.8386,35.0,6.680965147453083,1.096514745308311,812.0,2.1769436997319036,37.88,-122.46,5.00001
3.9727,17.0,5.745231030097499,1.0487494701144553,6544.0,2.774056803730394,38.61,-121.29,1.327
3.7917,27.0,4.8352272727272725,1.0823863636363635,2091.0,5.940340909090909,34.01,-117.9,1.311
1.9718,32.0,5.5,1.0685279187817258,1301.0,3.302030456852792,35.4,-119.47,0.698
4.3021,8.0,5.927083333333333,1.0104166666666667,312.0,3.25,34.18,-116.02,0.945
5.6402,17.0,6.262458471760797,0.9700996677740864,771.0,2.5614617940199333,32.81,-117.05,2.286
3.3021,34.0,5.671957671957672,0.9841269841269841,899.0,2.378306878306878,38.92,-121.05,1.588
3.2845,16.0,4.642126789366054,0.9979550102249489,709.0,1.4498977505112474,33.61,-117.75,2.276
2.5363,44.0,4.408376963350785,1.0104712041884816,1423.0,2.4834205933682374,33.97,-118.33,1.588
6.3522,17.0,7.430340557275541,1.089783281733746,1067.0,3.303405572755418,34.18,-118.92,2.593
5.8758,16.0,5.122696155871512,1.1642969984202212,3026.0,1.5934702474986835,34.05,-118.41,5.00001
4.3281,17.0,6.105882352941176,1.0294117647058822,998.0,2.9352941176470586,36.39,-119.27,1.457
4.9773,12.0,7.302180685358255,1.102803738317757,1035.0,3.2242990654205608,38.44,-122.01,2.812
5.2326,16.0,5.045180722891566,1.0662650602409638,604.0,1.819277108433735,32.86,-117.23,1.883
2.7797,15.0,5.343520782396088,1.1100244498777505,1842.0,2.251833740831296,38.66,-121.33,1.055
3.8333,48.0,5.729468599033816,1.0289855072463767,487.0,2.3526570048309177,37.74,-122.49,3.408
3.7736,32.0,4.343283582089552,1.0582089552238807,2583.0,3.855223880597015,34.07,-117.96,1.584
3.4896,28.0,5.213414634146342,1.0533536585365855,1502.0,2.2896341463414633,33.97,-117.31,1.403
3.7831,38.0,5.595394736842105,1.042763157894737,872.0,2.8684210526315788,32.83,-116.94,1.478
3.5529,43.0,5.865761689291101,1.0723981900452488,1466.0,2.211161387631976,32.76,-117.09,2.23
2.0557,34.0,2.2633996937212864,1.0336906584992342,1976.0,3.0260336906584993,34.09,-118.32,2.25
7.2861,24.0,6.2064516129032254,0.9419354838709677,492.0,3.174193548387097,37.37,-121.81,3.28
3.9699,14.0,5.375397667020149,1.0335807705903146,6301.0,2.2272887946270767,34.23,-118.96,2.17
3.1315,18.0,3.8207024029574863,1.423290203327172,870.0,1.6081330868761552,33.83,-117.96,1.375
2.9,38.0,5.947368421052632,1.1578947368421053,125.0,3.289473684210526,37.9,-121.31,1.25
1.2857,36.0,3.7245762711864407,1.1101694915254237,1034.0,4.38135593220339,34.01,-118.25,0.993
1.6724,33.0,4.095959595959596,0.9343434343434344,446.0,2.2525252525252526,37.79,-121.21,0.969
7.7876,13.0,7.696287025448477,1.0321234876929495,7775.0,3.243637880684189,34.08,-117.81,3.489
3.406,13.0,5.023372287145242,1.0578742348358374,4870.0,2.710072342793545,35.33,-119.07,1.007
2.1116,52.0,4.419249592169657,1.0473083197389885,1751.0,2.856443719412724,34.0,-118.31,1.225
3.6375,24.0,4.9390581717451525,1.059556786703601,1697.0,2.350415512465374,32.78,-117.16,1.786
5.5379,42.0,5.689542483660131,0.9836601307189542,723.0,2.3627450980392157,37.92,-122.53,4.105
3.2344,52.0,5.563953488372093,1.0930232558139534,403.0,2.3430232558139537,37.88,-122.28,2.455
3.5909,46.0,5.913725490196079,1.0235294117647058,674.0,2.6431372549019607,34.17,-118.16,1.554
5.543,16.0,7.239737274220033,1.0328407224958949,1875.0,3.0788177339901477,33.2,-117.2,2.864
2.625,20.0,6.315789473684211,1.4210526315789473,55.0,2.8947368421052633,37.73,-122.38,1.875
5.2923,5.0,4.363380281690141,1.064788732394366,735.0,2.0704225352112675,33.7,-117.8,1.94
3.7679,10.0,5.313725490196078,0.9915966386554622,1353.0,3.7899159663865545,34.97,-120.45,1.313
5.2636,1.0,7.6940298507462686,1.2798507462686568,872.0,3.253731343283582,38.23,-122.0,1.913
1.7568,49.0,3.168646080760095,1.168646080760095,634.0,1.505938242280285,38.57,-121.49,0.938
4.642,7.0,4.854503464203233,1.1339491916859123,2381.0,1.8329484218629715,34.15,-118.47,4.573
3.087,19.0,5.956916099773243,1.1383219954648527,1295.0,2.9365079365079363,36.74,-120.07,0.882
4.3393,52.0,5.272536687631027,1.0356394129979036,1583.0,3.3186582809224316,37.75,-122.48,3.176
4.5604,4.0,6.737383177570093,1.0663551401869158,6578.0,3.073831775700935,38.47,-121.38,1.459
3.275,32.0,5.5767790262172285,1.146067415730337,774.0,2.898876404494382,34.58,-118.1,1.035
2.5474,13.0,8.21376811594203,2.177536231884058,756.0,2.739130434782609,35.47,-118.61,0.784
3.5214,50.0,4.1225626740947074,1.0598885793871866,1179.0,1.6420612813370474,33.76,-118.14,3.981
4.375,33.0,6.039647577092511,1.039647577092511,715.0,3.149779735682819,33.93,-117.44,1.299
3.6214,28.0,2.849056603773585,0.9764150943396226,615.0,2.900943396226415,33.84,-117.94,1.821
3.6988,28.0,4.213174748398902,1.0869167429094235,2558.0,2.340347666971638,33.87,-118.34,2.666
3.375,26.0,5.3694915254237285,1.0,846.0,2.8677966101694916,38.33,-122.7,1.563
4.0579,5.0,4.876513317191283,1.0847457627118644,2062.0,2.49636803874092,34.59,-118.61,1.671
4.2344,34.0,5.137323943661972,0.977112676056338,1435.0,2.5264084507042255,34.1,-118.12,3.063
2.5729,39.0,3.3664921465968587,0.9738219895287958,821.0,4.298429319371728,33.96,-118.24,0.973
2.0,15.0,6.391156462585034,1.3979591836734695,755.0,2.568027210884354,36.89,-119.33,0.833
6.3369,4.0,4.863731656184487,0.8490566037735849,1408.0,2.951781970649895,33.47,-117.63,2.56
2.0132,35.0,2.6031746031746033,1.1071428571428572,3548.0,3.5198412698412698,34.09,-118.29,1.984
4.8703,37.0,4.854227405247814,0.9766763848396501,1011.0,2.947521865889213,34.21,-118.44,1.851
4.9196,7.0,6.3158551810237205,0.9737827715355806,3253.0,4.061173533083646,34.12,-117.39,1.405
2.7431,14.0,4.204081632653061,1.075801749271137,782.0,2.2798833819241984,34.15,-118.1,1.775
9.3603,51.0,6.765586034912718,0.9875311720698254,1090.0,2.718204488778055,37.75,-122.47,5.00001
7.0151,23.0,9.691891891891892,1.2324324324324325,1826.0,3.2900900900900902,33.65,-117.96,3.506
4.6953,18.0,7.051851851851852,1.2666666666666666,1027.0,2.5358024691358025,38.77,-122.85,2.417
2.7321,33.0,5.467637540453074,0.9902912621359223,1565.0,2.5323624595469254,36.3,-119.13,0.765
3.4509,22.0,5.63575042158516,1.0860033726812817,1342.0,2.263069139966273,35.12,-120.6,2.177
2.2125,42.0,5.8552188552188555,1.245791245791246,1104.0,3.717171717171717,33.89,-118.21,1.207
3.2216,36.0,5.319796954314721,1.0380710659898478,1454.0,3.6903553299492384,36.92,-121.76,2.383
2.5199,16.0,3.9713216957605986,1.1047381546134662,1550.0,1.9326683291770574,38.67,-121.27,1.49
3.292,28.0,4.444891980959356,1.0519956060051263,5359.0,1.9622848773343098,34.13,-118.06,2.273
2.525,17.0,3.7874306839186693,1.0129390018484288,2243.0,4.146025878003697,34.24,-118.42,1.637
1.8462,25.0,4.545045045045045,1.1081081081081081,994.0,4.4774774774774775,35.95,-119.04,0.558
1.6318,19.0,4.403536977491961,1.1366559485530547,2004.0,3.2218649517684885,32.75,-117.09,1.177
2.181,37.0,4.6773255813953485,1.0872093023255813,1173.0,3.4098837209302326,36.71,-119.56,0.599
3.8846,39.0,4.8301158301158305,1.054054054054054,1849.0,3.5694980694980694,33.9,-118.07,1.641
8.583,5.0,7.2727272727272725,1.0995670995670996,617.0,2.670995670995671,33.49,-117.71,3.977
1.4668,40.0,5.010752688172043,1.114695340501792,788.0,2.824372759856631,40.79,-124.18,0.646
2.2841,52.0,4.35064935064935,1.077922077922078,152.0,1.974025974025974,37.85,-122.27,1.063
6.3997,50.0,7.37020316027088,1.1489841986455982,1256.0,2.835214446952596,34.44,-119.72,5.00001
3.7031,25.0,5.163755458515284,1.0283842794759825,1197.0,2.61353711790393,33.75,-117.81,2.278
1.2175,52.0,2.890909090909091,1.12,1118.0,4.065454545454545,34.01,-118.28,1.313
4.0625,38.0,5.487870619946092,1.045822102425876,1096.0,2.954177897574124,34.09,-118.06,2.625
1.972,13.0,4.838235294117647,1.0441176470588236,1276.0,3.127450980392157,33.71,-117.09,0.905
5.2108,31.0,5.846153846153846,1.083916083916084,1604.0,2.804195804195804,37.34,-122.0,3.515
5.6406,33.0,6.927083333333333,1.0885416666666667,578.0,3.0104166666666665,34.06,-117.9,2.662
2.5262,21.0,3.0216216216216214,1.0576576576576577,4426.0,3.9873873873873875,33.78,-118.27,1.673
3.6528,13.0,6.259615384615385,0.9807692307692307,301.0,2.894230769230769,38.25,-121.06,2.0
3.5659,24.0,3.6341248900615657,1.071679859278804,3148.0,1.3843447669305189,34.09,-118.38,2.813
1.3169,47.0,2.1530944625407167,1.1693811074918568,1406.0,4.579804560260587,34.05,-118.27,1.125
3.8512,47.0,5.280112044817927,1.011204481792717,954.0,2.672268907563025,33.96,-118.32,1.713
2.6797,36.0,4.793791574279379,0.9600886917960089,1048.0,2.3237250554323725,37.31,-120.5,0.818
5.2742,17.0,8.908653846153847,1.8846153846153846,351.0,1.6875,32.98,-117.27,2.307
4.0625,31.0,5.50561797752809,1.0674157303370786,1356.0,3.808988764044944,33.82,-118.01,2.259
1.3942,38.0,3.566137566137566,0.9417989417989417,701.0,3.708994708994709,38.68,-121.76,0.694
7.7108,39.0,6.846607669616519,0.9911504424778761,880.0,2.5958702064896757,34.18,-118.1,4.5
5.9771,37.0,6.088495575221239,1.0486725663716814,618.0,2.734513274336283,34.22,-118.23,4.318
2.9286,22.0,2.8142857142857145,0.7714285714285715,331.0,4.728571428571429,33.69,-116.15,1.125
1.6369,15.0,6.003115264797508,1.3302180685358256,810.0,2.5233644859813085,39.13,-122.87,0.865
4.3103,33.0,5.013189448441247,0.9640287769784173,2049.0,2.4568345323741005,33.91,-117.9,2.016
4.1364,31.0,5.414932680538556,1.0208078335373316,1915.0,2.343941248470012,37.6,-122.41,4.12
3.6417,28.0,4.63943161634103,1.0692717584369449,1682.0,2.9875666074600353,33.88,-117.87,2.043
4.0042,52.0,4.216216216216216,1.1486486486486487,410.0,2.77027027027027,37.76,-122.39,2.083
5.9397,26.0,6.957142857142857,0.9885714285714285,1088.0,3.1085714285714285,33.82,-117.87,2.494
3.1471,13.0,5.147208121827411,1.015228426395939,712.0,3.6142131979695433,38.03,-121.3,1.028
4.3227,16.0,5.711703958691911,1.0077452667814113,3575.0,3.076592082616179,37.01,-121.59,2.515
4.0298,5.0,4.531128404669261,1.0544747081712063,1213.0,2.359922178988327,32.64,-117.04,2.256
7.4056,26.0,8.044230769230769,1.0365384615384616,1504.0,2.8923076923076922,33.68,-117.94,3.742
1.9961,13.0,4.996287128712871,1.0748762376237624,6159.0,1.905631188118812,33.73,-116.99,0.978
3.3292,31.0,4.682203389830509,1.0995762711864407,1047.0,2.218220338983051,33.94,-118.12,2.713
2.5685,26.0,4.517777777777778,1.028888888888889,618.0,1.3733333333333333,33.61,-117.72,0.804
3.2396,5.0,5.762973352033661,1.150070126227209,3062.0,4.2945301542777,37.48,-121.12,1.252
5.1205,42.0,5.727959697732998,1.0806045340050379,1255.0,3.1612090680100757,37.67,-122.42,2.263
3.1364,18.0,3.629032258064516,1.2594086021505377,1042.0,1.4005376344086022,36.59,-121.89,1.5
10.0707,22.0,7.906818181818182,1.018181818181818,1252.0,2.8454545454545452,32.85,-117.24,5.00001
2.9321,14.0,4.778058007566204,1.021437578814628,2551.0,3.2168978562421184,34.02,-118.08,1.442
3.5066,52.0,5.013921113689095,1.2621809744779582,904.0,2.097447795823666,37.79,-122.41,3.5
3.6667,3.0,3.104575163398693,1.0130718954248366,236.0,1.542483660130719,33.98,-118.42,4.5
4.0656,27.0,6.09375,0.990625,950.0,2.96875,32.81,-117.02,1.64
5.4127,25.0,6.04179104477612,0.9313432835820895,907.0,2.707462686567164,34.42,-119.73,3.928
8.8666,25.0,6.981132075471698,1.0896226415094339,1560.0,2.452830188679245,34.06,-118.58,5.00001
2.6987,25.0,5.349295774647888,1.0056338028169014,891.0,2.5098591549295777,40.58,-124.14,0.925
1.9219,31.0,3.871401151631478,1.0863723608445297,2063.0,3.9596928982725528,33.97,-118.28,1.07
3.5347,23.0,5.430952380952381,0.9714285714285714,1164.0,2.7714285714285714,40.56,-122.38,1.012
2.6713,35.0,5.770588235294118,1.0862745098039215,1460.0,2.8627450980392157,38.69,-121.38,0.844
3.4583,24.0,5.207100591715976,1.106508875739645,507.0,3.0,33.81,-116.25,0.675
3.7198,18.0,3.404017857142857,1.0825892857142858,1705.0,3.8058035714285716,37.36,-121.85,1.286
2.4444,36.0,6.154121863799283,1.2473118279569892,1054.0,3.7777777777777777,34.16,-117.35,0.734
3.6458,33.0,5.143176733780761,0.9642058165548099,1049.0,2.3467561521252795,33.93,-117.99,2.081
3.692,34.0,5.033088235294118,0.9926470588235294,1005.0,3.6948529411764706,33.99,-118.09,1.726
5.0198,9.0,6.696378830083566,1.0863509749303621,1074.0,2.9916434540389973,34.35,-117.31,1.519
4.125,19.0,5.373737373737374,1.0303030303030303,1317.0,2.217171717171717,37.94,-122.02,2.671
3.1848,27.0,5.579387186629527,1.0612813370473537,1806.0,2.5153203342618387,37.68,-120.98,1.128
5.1619,36.0,5.2026666666666666,1.0533333333333332,1040.0,2.7733333333333334,34.25,-118.48,1.953
2.7969,38.0,4.626707132018209,1.078907435508346,2167.0,3.2883156297420335,37.79,-122.22,1.417
3.4375,34.0,4.409001956947162,1.0215264187866928,1262.0,2.4696673189823874,34.1,-118.07,2.598
4.6705,19.0,6.3896103896103895,1.1363636363636365,852.0,2.7662337662337664,38.43,-122.91,2.698
2.2333,23.0,6.054313099041534,1.0862619808306708,749.0,2.3929712460063897,36.28,-119.29,1.201
5.1984,36.0,5.533333333333333,1.0,943.0,3.1433333333333335,33.83,-118.36,3.536
7.5412,16.0,7.033333333333333,0.9571428571428572,1659.0,2.6333333333333333,38.14,-122.54,3.921
2.2566,42.0,5.272232304900181,1.0181488203266789,1457.0,2.644283121597096,37.32,-121.03,0.821
2.3169,13.0,5.568286445012788,1.0879795396419438,4266.0,2.1820971867007675,33.75,-116.91,1.234
1.8438,17.0,3.2734375,0.8828125,1093.0,2.8463541666666665,37.78,-122.42,0.725
8.9088,7.0,8.014003294892916,0.9967051070840197,4160.0,3.42668863261944,33.89,-117.78,4.153
5.8426,26.0,6.4007029876977155,0.9789103690685413,1623.0,2.8523725834797893,33.78,-118.04,2.594
3.535,31.0,5.254237288135593,1.11864406779661,719.0,3.0466101694915255,37.54,-122.02,2.103
4.6713,33.0,4.643097643097643,0.8552188552188552,795.0,2.676767676767677,33.87,-118.11,2.318
3.0208,52.0,5.108108108108108,0.918918918918919,121.0,3.27027027027027,39.39,-121.39,0.6
2.1705,10.0,5.03,1.18,228.0,2.28,37.87,-122.3,1.5
4.0435,9.0,6.922459893048129,1.2887700534759359,1050.0,2.807486631016043,38.76,-122.51,1.326
2.6397,29.0,4.469026548672566,1.0,411.0,3.6371681415929205,33.91,-118.1,1.644
2.5556,13.0,4.013201320132013,0.966996699669967,1441.0,2.377887788778878,38.1,-121.28,1.331
3.7477,8.0,5.227138643067847,1.019174041297935,2118.0,3.1238938053097347,38.69,-121.8,1.222
2.7083,45.0,4.678571428571429,1.0634920634920635,736.0,2.9206349206349205,34.01,-118.13,1.618
5.0113,22.0,6.935483870967742,1.0241935483870968,1149.0,3.088709677419355,34.88,-120.43,1.586
3.3214,37.0,4.327142857142857,1.0542857142857143,2436.0,3.48,37.7,-122.46,2.432
5.5,33.0,5.556768558951965,1.019650655021834,1287.0,2.8100436681222707,37.36,-121.99,2.822
10.9508,52.0,6.961389961389961,0.9922779922779923,683.0,2.637065637065637,37.46,-122.15,5.00001
2.8214,29.0,4.763527054108216,0.9539078156312625,1669.0,3.344689378757515,36.94,-121.8,1.901
3.2788,39.0,4.412751677852349,1.0268456375838926,1257.0,4.218120805369128,33.98,-118.21,1.69
2.5139,43.0,4.561290322580645,0.9483870967741935,417.0,2.6903225806451614,37.74,-122.19,0.834
5.6817,20.0,4.936127744510978,0.9500998003992016,2228.0,4.447105788423154,37.32,-121.8,2.242
4.962,3.0,6.6635071090047395,1.128909952606635,3238.0,3.0691943127962085,38.28,-122.0,1.617
5.6358,29.0,6.2837684449489215,0.978433598183882,2651.0,3.0090805902383657,37.27,-121.92,2.821
7.0217,25.0,8.023136246786633,0.9794344473007712,1278.0,3.2853470437017993,33.89,-117.8,3.579
3.5682,10.0,6.1008746355685135,1.0239067055393587,4660.0,2.717201166180758,35.03,-120.5,2.773
8.7603,10.0,6.73224043715847,0.9480874316939891,1241.0,3.390710382513661,33.72,-117.75,3.625
2.8231,16.0,3.956291390728477,1.1443708609271523,1240.0,1.6423841059602649,38.6,-121.44,1.375
3.5455,34.0,5.637614678899083,0.9862385321100917,1035.0,4.747706422018348,33.84,-117.95,1.8
6.4823,13.0,6.911804613297151,1.0366350067842605,2230.0,3.0257801899592947,34.23,-118.85,2.909
4.0182,28.0,6.123924268502582,1.0137693631669535,1742.0,2.9982788296041307,38.67,-121.24,1.317
3.7361,19.0,5.03416149068323,1.0186335403726707,871.0,2.7049689440993787,33.88,-117.86,2.014
3.2596,42.0,4.0117096018735365,0.9742388758782201,1349.0,3.159250585480094,34.17,-118.37,1.918
3.0033,52.0,5.223796033994335,1.1104815864022664,667.0,1.8895184135977336,38.56,-121.49,1.035
5.6454,52.0,5.086142322097379,1.0187265917602997,574.0,2.149812734082397,34.04,-118.42,5.00001
3.2862,37.0,4.7497584541062805,1.0956521739130434,3533.0,3.413526570048309,33.93,-118.33,1.523
2.288,41.0,4.340782122905028,1.1843575418994414,1839.0,3.4245810055865924,34.0,-118.47,2.635
6.729,22.0,7.488095238095238,1.0297619047619047,2855.0,2.8323412698412698,34.31,-119.21,4.093
11.1768,52.0,6.461773700305811,1.0152905198776758,800.0,2.4464831804281344,34.04,-118.41,5.00001
4.5417,25.0,5.065868263473054,0.9860279441117764,1185.0,2.3652694610778444,37.65,-122.1,1.944
11.4537,25.0,8.89763779527559,1.0275590551181102,719.0,2.8307086614173227,33.76,-117.78,5.00001
5.5161,15.0,8.126016260162602,1.1666666666666667,585.0,2.3780487804878048,39.04,-121.06,3.619
2.8015,12.0,4.467041389882473,1.080224833929484,4854.0,2.4803270311701584,33.13,-117.06,1.435
1.8299,45.0,4.835064935064935,1.0792207792207793,2256.0,2.92987012987013,36.34,-119.3,0.631
12.1579,14.0,8.40251572327044,1.0534591194968554,1113.0,3.5,34.18,-118.21,5.00001
3.5595,6.0,4.933926302414231,1.0165184243964422,2319.0,2.946632782719187,37.81,-121.24,1.61
5.4088,27.0,4.711656441717792,1.156441717791411,553.0,1.696319018404908,33.9,-118.43,5.00001
2.8281,14.0,6.108108108108108,1.3397683397683398,825.0,3.1853281853281854,34.03,-117.33,1.063
6.3303,14.0,6.028358208955224,0.9985074626865672,1905.0,2.843283582089552,33.92,-117.87,3.03
4.2042,52.0,3.878313253012048,1.1674698795180722,1152.0,1.3879518072289156,37.79,-122.43,5.00001
5.1991,39.0,6.309446254071661,1.0944625407166124,742.0,2.416938110749186,37.73,-122.49,3.694
6.7501,34.0,6.837301587301587,1.1071428571428572,617.0,2.4484126984126986,33.95,-118.11,4.0
2.4042,29.0,4.32037037037037,0.9962962962962963,1120.0,2.074074074074074,37.68,-122.09,2.056
2.745,35.0,4.887096774193548,1.0053763440860215,1444.0,3.881720430107527,33.92,-118.27,1.068
4.3807,23.0,4.922137404580153,0.9954198473282443,2183.0,3.332824427480916,37.41,-121.88,2.269
7.1267,15.0,6.9327217125382266,1.0642201834862386,1150.0,3.5168195718654434,37.29,-121.76,2.779
3.6619,17.0,4.885875706214689,0.9649717514124294,1656.0,1.8711864406779661,37.4,-122.0,2.324
2.25,46.0,4.320224719101123,1.0280898876404494,693.0,3.893258426966292,37.74,-122.17,0.842
6.5617,30.0,7.200367647058823,1.0091911764705883,1330.0,2.4448529411764706,37.83,-122.01,3.866
4.119,18.0,5.843575418994414,1.1396648044692737,486.0,2.7150837988826817,39.33,-120.17,1.109
5.0787,45.0,5.790625,1.025,945.0,2.953125,33.84,-118.17,2.192
1.8929,29.0,4.474093264248705,1.1373056994818653,1063.0,2.7538860103626943,37.59,-120.95,0.636
2.4596,35.0,2.872549019607843,1.0686274509803921,1741.0,4.267156862745098,33.99,-118.19,1.547
2.4167,43.0,4.733333333333333,1.08,233.0,3.1066666666666665,36.71,-119.83,0.739
2.6812,34.0,4.77972027972028,1.006993006993007,1183.0,4.136363636363637,33.89,-118.25,1.041
2.1383,30.0,4.997549019607843,1.0866013071895424,2768.0,2.261437908496732,36.78,-119.76,0.788
8.7783,14.0,7.867109634551495,0.9867109634551495,796.0,2.644518272425249,37.74,-121.01,4.35
3.4531,44.0,5.778801843317972,1.1612903225806452,498.0,2.294930875576037,37.98,-122.03,1.489
1.9093,13.0,4.779327317473339,1.1575061525840853,2244.0,1.840853158326497,38.68,-121.33,1.429
3.5491,41.0,4.423076923076923,0.9576923076923077,729.0,2.8038461538461537,37.35,-121.98,2.611
8.2531,17.0,9.380090497737557,1.416289592760181,573.0,2.5927601809954752,33.29,-117.0,4.192
2.975,24.0,3.456730769230769,1.0913461538461537,665.0,1.5985576923076923,33.99,-118.47,5.00001
3.2481,8.0,5.535031847133758,1.1019108280254777,2425.0,3.089171974522293,33.7,-117.37,1.238
2.5104,30.0,3.916923076923077,1.0553846153846154,1082.0,3.329230769230769,34.43,-119.69,2.281
3.9615,45.0,4.361746361746362,1.0103950103950103,1343.0,2.7920997920997923,34.02,-118.38,2.686
2.11,25.0,3.3580980683506687,1.0282317979197622,1603.0,2.3818722139673105,33.93,-118.35,2.233
2.4722,23.0,5.430703624733476,1.0746268656716418,1235.0,2.633262260127932,38.61,-121.28,1.033
3.4583,52.0,4.421568627450981,0.8954248366013072,852.0,2.784313725490196,34.16,-118.11,2.399
2.8378,25.0,4.099778270509978,1.1485587583148558,1498.0,3.3215077605321506,33.96,-118.36,1.7
4.4,18.0,5.606132075471698,0.9764150943396226,1359.0,3.205188679245283,36.28,-119.16,0.793
1.3977,26.0,4.7153846153846155,1.146153846153846,431.0,3.3153846153846156,34.05,-117.33,0.731
1.9937,21.0,3.6866485013623977,1.0354223433242506,1688.0,4.599455040871935,34.07,-118.2,1.396
6.5853,16.0,7.379464285714286,1.0178571428571428,690.0,3.080357142857143,32.91,-117.08,2.484
2.3816,52.0,3.7846153846153845,1.0615384615384615,994.0,3.8230769230769233,34.08,-118.26,1.667
0.949,52.0,2.5241090146750524,0.9643605870020965,2016.0,4.226415094339623,37.87,-122.25,3.5
1.2647,22.0,4.997214484679666,1.2116991643454038,1127.0,3.139275766016713,36.58,-119.63,0.553
2.0,17.0,7.289156626506024,1.9156626506024097,416.0,5.0120481927710845,37.31,-120.35,0.875
4.1699,47.0,5.309278350515464,1.120274914089347,1105.0,1.8986254295532645,33.54,-117.77,3.737
2.3125,44.0,4.399491094147582,1.0534351145038168,1240.0,3.1552162849872776,37.78,-122.21,1.028
2.4896,38.0,5.333333333333333,0.9965635738831615,873.0,3.0,40.79,-124.14,0.81
4.4659,38.0,5.219269102990033,1.053156146179402,874.0,2.903654485049834,37.69,-122.14,1.891
2.095,52.0,3.821138211382114,0.9349593495934959,434.0,3.5284552845528454,34.06,-118.21,1.091
4.712,19.0,4.246376811594203,0.991304347826087,646.0,1.872463768115942,37.39,-122.07,2.893
5.3168,18.0,6.638888888888889,1.0833333333333333,92.0,2.5555555555555554,37.53,-120.88,1.75
3.4773,29.0,5.473815461346633,1.032418952618454,1360.0,3.3915211970074814,34.21,-118.85,2.067
2.1273,24.0,4.035509736540664,1.1351660939289805,1775.0,2.0332187857961053,32.76,-117.14,1.423
4.6042,36.0,5.940919037199125,1.0371991247264771,1303.0,2.851203501094092,33.75,-118.31,3.573
1.64,45.0,4.224043715846994,1.0136612021857923,1186.0,3.240437158469945,33.97,-118.27,0.968
8.1194,52.0,7.75,0.9873417721518988,916.0,2.8987341772151898,37.83,-122.24,4.716
3.312,17.0,6.451757666417352,1.3904263275991025,3497.0,2.6155572176514585,33.72,-116.37,1.213
3.9758,48.0,4.4186046511627906,1.0232558139534884,1491.0,2.4767441860465116,37.76,-122.48,3.486
3.4896,24.0,4.703216374269005,1.0073099415204678,1196.0,1.7485380116959064,37.4,-121.99,2.267
7.8633,28.0,7.162337662337662,1.0649350649350648,415.0,2.6948051948051948,37.38,-122.26,5.00001
7.3445,13.0,7.8977272727272725,1.106060606060606,852.0,3.227272727272727,37.89,-121.93,3.667
3.5395,24.0,5.140350877192983,1.0315789473684212,1448.0,2.5403508771929824,37.66,-120.97,1.279
3.0526,28.0,8.13076923076923,1.9153846153846155,288.0,2.2153846153846155,36.16,-121.39,1.469
2.2105,19.0,4.745454545454545,1.1484848484848484,1032.0,3.1272727272727274,33.74,-117.9,1.804
4.3281,35.0,4.823655913978494,1.064516129032258,1135.0,2.4408602150537635,33.99,-118.43,3.24
3.7,32.0,4.961651917404129,0.9823008849557522,1980.0,2.920353982300885,37.96,-122.0,1.79
3.0052,34.0,3.6564625850340136,1.0816326530612246,906.0,3.0816326530612246,37.66,-122.41,2.425
3.6154,52.0,5.616016427104722,1.1478439425051334,1076.0,2.209445585215606,38.06,-122.21,1.557
2.1719,42.0,3.8233082706766917,0.9511278195488722,798.0,3.0,38.01,-121.82,0.991
2.6591,26.0,7.22457627118644,1.1822033898305084,642.0,2.7203389830508473,37.59,-120.92,1.805
1.6136,14.0,9.316931982633864,2.487698986975398,1586.0,2.295224312590449,34.23,-116.62,0.674
2.3599,36.0,4.771971496437055,1.2672209026128265,1620.0,1.9239904988123515,32.8,-117.2,1.684
4.5357,13.0,5.850485436893204,0.9436893203883495,1361.0,2.6427184466019416,40.52,-122.66,1.712
3.3472,31.0,5.607142857142857,1.0892857142857142,152.0,2.7142857142857144,33.04,-115.6,0.917
3.6375,19.0,5.98639455782313,1.126530612244898,1901.0,2.5863945578231293,33.21,-117.22,1.988
1.9732,47.0,4.961038961038961,1.0746753246753247,864.0,2.8051948051948052,33.98,-118.32,1.01
1.0648,39.0,4.216901408450704,1.0788732394366196,1182.0,3.3295774647887324,35.38,-118.98,0.5
3.058,34.0,5.366228070175438,1.1030701754385965,1077.0,2.361842105263158,38.62,-121.36,1.33
4.3864,18.0,5.507042253521127,1.0,247.0,3.4788732394366195,37.72,-120.93,1.795
1.2171,33.0,5.084033613445378,1.2100840336134453,850.0,3.5714285714285716,34.11,-117.26,0.593
2.7125,35.0,4.443037974683544,1.109704641350211,552.0,2.329113924050633,36.98,-122.02,2.175
3.625,13.0,5.479674796747967,1.048780487804878,719.0,2.9227642276422765,36.61,-119.46,1.083
5.0029,26.0,5.72626931567329,0.9845474613686535,2341.0,2.5838852097130243,38.1,-122.55,2.556
5.3377,40.0,5.768656716417911,1.0242537313432836,1457.0,2.718283582089552,34.14,-118.09,3.738
3.4015,21.0,4.803867403314917,1.1740331491712708,945.0,2.610497237569061,35.05,-118.0,0.865
4.3365,15.0,5.02027027027027,1.0472972972972974,455.0,1.537162162162162,37.29,-121.75,2.21
2.0,25.0,4.0,1.126530612244898,896.0,3.657142857142857,34.65,-120.45,0.875
2.1912,42.0,4.122093023255814,1.058139534883721,547.0,3.1802325581395348,38.44,-122.7,1.65
3.385,44.0,3.1832358674463936,1.0448343079922027,741.0,1.4444444444444444,33.76,-118.14,4.083
1.7823,17.0,4.055045871559633,1.0871559633027523,1079.0,2.4747706422018347,33.76,-117.88,2.053
6.2513,14.0,6.244623655913978,1.0026881720430108,1057.0,2.8413978494623655,33.05,-117.26,2.409
4.025,34.0,5.152985074626866,0.9888059701492538,1020.0,3.8059701492537314,34.04,-117.96,1.469
2.455,42.0,5.223076923076923,1.1205128205128205,2736.0,3.5076923076923077,37.73,-122.18,0.824
3.4906,40.0,5.6826923076923075,1.0528846153846154,968.0,2.326923076923077,34.14,-117.28,0.933
2.7813,35.0,5.07451564828614,1.1609538002980626,1953.0,2.910581222056632,33.84,-118.2,1.592
1.9203,52.0,3.7789046653144016,1.1338742393509127,906.0,1.8377281947261663,32.73,-117.16,1.958
2.8839,11.0,4.591397849462366,1.0591397849462365,1474.0,3.9623655913978495,36.85,-121.41,1.459
4.4896,31.0,4.52542372881356,1.0112994350282485,1179.0,3.330508474576271,37.36,-121.86,1.568
6.827,36.0,7.021428571428571,1.0357142857142858,1897.0,2.71,34.2,-118.11,3.594
2.7036,24.0,3.8568665377176017,1.0618955512572534,2909.0,2.8133462282398454,34.08,-118.14,1.7
8.4112,16.0,7.488888888888889,0.9407407407407408,789.0,2.922222222222222,33.61,-117.66,2.869
3.3125,39.0,5.589506172839506,1.1496913580246915,1330.0,2.052469135802469,33.83,-118.18,4.255
6.4391,34.0,5.32258064516129,0.967741935483871,269.0,2.89247311827957,33.86,-118.32,2.523
2.551,30.0,3.1767241379310347,0.9892241379310345,1844.0,3.9741379310344827,33.99,-118.2,1.6
0.7025,19.0,2.425196850393701,1.125984251968504,1799.0,2.8330708661417323,35.3,-120.67,5.00001
2.9306,48.0,5.083950617283951,0.9580246913580247,834.0,2.0592592592592593,36.76,-119.81,0.679
4.4821,15.0,6.908108108108108,1.172972972972973,653.0,3.5297297297297296,32.76,-115.56,1.403
4.6861,16.0,5.494262295081967,1.0549180327868852,7030.0,2.8811475409836067,34.44,-118.45,1.879
4.6,24.0,13.104166666666666,2.25,235.0,2.4479166666666665,38.92,-119.94,1.368
4.1836,36.0,5.574175824175824,0.9642857142857143,1327.0,3.6456043956043955,34.12,-117.88,1.643
3.6181,38.0,4.0518653321201095,1.0518653321201092,1830.0,1.6651501364877161,34.11,-118.28,4.956
2.6827,17.0,5.376666666666667,1.0866666666666667,765.0,2.55,34.46,-117.12,1.104
5.6529,14.0,6.817821782178218,1.00990099009901,1413.0,2.798019801980198,38.65,-121.21,1.96
4.3429,33.0,5.4012066365007545,1.1070889894419307,1780.0,2.6847662141779787,37.07,-122.09,2.143
3.0179,28.0,4.310405643738977,0.9788359788359788,1848.0,3.259259259259259,33.82,-117.93,1.988
1.74,28.0,6.158892128279883,1.217201166180758,1908.0,2.7813411078717203,41.86,-121.93,0.44
1.8958,39.0,5.014409221902017,1.0115273775216138,1098.0,3.164265129682997,36.74,-119.75,0.513
4.2015,52.0,4.163021868787276,1.1292246520874751,920.0,1.8290258449304175,37.8,-122.4,4.125
5.8703,5.0,6.535603715170279,1.1021671826625388,2024.0,3.1331269349845203,34.36,-118.52,5.00001
2.0043,29.0,4.92332268370607,0.9297124600638977,1007.0,3.2172523961661343,36.71,-119.8,0.535
4.1429,52.0,5.460829493087558,1.0898617511520738,1053.0,2.4262672811059907,34.08,-118.32,3.803
4.9504,5.0,5.63010752688172,1.0365591397849463,4361.0,3.1261648745519715,38.13,-122.19,2.148
3.8594,45.0,5.413793103448276,0.9540229885057471,401.0,2.3045977011494254,34.15,-117.3,0.908
3.0,21.0,4.587454764776839,1.083232810615199,1511.0,1.8226779252110976,33.77,-118.03,2.212
2.0172,52.0,2.540983606557377,1.0,1054.0,3.455737704918033,36.96,-122.02,1.125
4.2885,16.0,5.71733771569433,1.0682004930156122,2965.0,2.436318816762531,37.25,-121.86,2.624
6.3719,26.0,6.972151898734177,1.0177215189873419,1128.0,2.8556962025316457,37.6,-122.41,4.669
3.0625,47.0,5.470113085621971,1.0710823909531502,1228.0,1.9838449111470113,37.98,-121.31,1.415
5.543,34.0,6.175496688741722,1.1423841059602649,963.0,3.1887417218543046,33.86,-118.36,3.059
8.2737,7.0,7.364768683274021,0.9679715302491103,1843.0,3.2793594306049823,36.86,-119.77,1.935
5.2088,28.0,6.701357466063349,1.158371040723982,688.0,3.1131221719457014,37.27,-121.89,2.409
4.05,33.0,5.556400506970849,0.9860583016476553,1775.0,2.249683143219265,38.74,-121.28,1.347
6.0086,22.0,6.7631578947368425,0.9736842105263158,523.0,3.4407894736842106,32.61,-117.03,1.669
4.4318,36.0,5.721014492753623,1.0507246376811594,816.0,2.9565217391304346,33.95,-118.01,1.811
4.7344,29.0,6.444155844155844,0.9948051948051948,1188.0,3.085714285714286,34.04,-117.31,1.346
6.4755,36.0,5.81294964028777,1.0023980815347722,1123.0,2.693045563549161,34.01,-118.45,4.058
4.6761,31.0,5.649501661129568,1.0232558139534884,1750.0,2.9069767441860463,38.07,-122.14,1.431
4.6442,36.0,6.153526970954357,1.0933609958506223,1231.0,2.5539419087136928,34.11,-118.09,3.168
6.394,25.0,7.438172043010753,0.9301075268817204,1148.0,3.086021505376344,33.74,-118.0,3.167
1.372,47.0,4.030674846625767,1.2760736196319018,1155.0,3.542944785276074,36.73,-119.81,0.496
4.4948,36.0,6.428104575163399,1.0326797385620916,910.0,2.973856209150327,33.91,-118.13,1.906
1.1705,32.0,4.792291220556745,1.0085653104925054,1292.0,2.766595289079229,33.91,-118.27,1.106
5.3509,52.0,5.65067178502879,1.0287907869481765,1034.0,1.9846449136276392,37.81,-122.22,3.021
2.825,32.0,4.784232365145228,0.979253112033195,761.0,3.1576763485477177,36.59,-119.44,0.676
4.7118,24.0,5.212809917355372,1.0340909090909092,2449.0,2.5299586776859506,37.24,-121.91,2.746
3.4712,40.0,4.798561151079137,0.9928057553956835,1226.0,4.410071942446043,33.93,-118.19,1.443
6.0723,34.0,6.143776824034335,0.9678111587982833,1243.0,2.667381974248927,33.96,-118.12,2.972
2.0976,29.0,4.987938596491228,1.0043859649122806,2494.0,2.7346491228070176,33.93,-116.89,0.726
5.748,28.0,6.002427184466019,1.029126213592233,2683.0,3.2560679611650487,37.63,-122.45,3.021
3.0153,45.0,3.6077441077441077,1.1734006734006734,1004.0,1.6902356902356903,33.77,-118.17,2.2
6.2661,4.0,6.290155440414508,1.038860103626943,959.0,2.4844559585492227,33.51,-117.68,2.685
1.75,16.0,5.890459363957597,1.314487632508834,762.0,2.6925795053003534,37.34,-120.07,0.875
1.2096,49.0,4.397058823529412,1.3235294117647058,287.0,4.220588235294118,34.03,-118.26,1.0
2.75,41.0,5.666666666666667,1.0726072607260726,855.0,2.8217821782178216,37.75,-121.43,1.273
4.002,5.0,5.32306477093207,0.9881516587677726,4614.0,3.6445497630331753,34.63,-117.84,1.151
1.9286,35.0,4.480662983425415,1.0856353591160222,1296.0,3.5801104972375692,34.13,-117.31,0.685
6.2984,18.0,6.022801302931596,0.9348534201954397,2046.0,3.3322475570032575,33.73,-117.97,2.698
3.0515,21.0,5.328450269853508,1.0339244410177333,3967.0,3.058596761757903,37.31,-120.44,0.952
3.0875,26.0,4.725543478260869,1.0923913043478262,599.0,1.627717391304348,34.44,-119.83,1.984
3.2404,36.0,4.955882352941177,1.0147058823529411,223.0,3.2794117647058822,36.97,-122.03,2.25
3.9674,52.0,4.542253521126761,1.0746478873239436,1559.0,2.195774647887324,34.09,-118.27,2.688
2.6643,10.0,4.436454849498328,1.0384615384615385,1967.0,3.289297658862876,33.92,-116.89,0.81
3.0559,20.0,5.803625377643504,0.9516616314199395,2490.0,3.7613293051359515,34.9,-120.48,1.201
3.5393,15.0,5.460504201680672,1.030252100840336,1569.0,2.6369747899159663,37.35,-120.59,0.88
3.1573,12.0,4.978303747534516,1.106508875739645,2209.0,2.178500986193294,37.96,-121.98,1.267
2.0714,19.0,4.414201183431953,1.1301775147928994,1190.0,2.3471400394477318,33.75,-116.95,0.858
6.2899,15.0,6.961439588688946,1.0539845758354756,1140.0,2.930591259640103,33.62,-117.65,2.75
3.0965,16.0,3.324771689497717,1.0650684931506849,3390.0,1.9349315068493151,34.02,-118.41,3.2
4.5125,50.0,5.743589743589744,0.9743589743589743,747.0,3.1923076923076925,33.75,-117.88,1.954
1.6797,52.0,4.396103896103896,0.987012987012987,379.0,2.461038961038961,39.73,-121.84,0.948
4.3849,36.0,5.567741935483871,1.070967741935484,1293.0,4.170967741935484,33.93,-118.04,1.441
2.2969,20.0,4.873913043478261,1.0608695652173914,766.0,3.3304347826086955,33.04,-115.62,0.62
4.7969,25.0,6.283042394014963,1.0236907730673317,2654.0,3.309226932668329,34.11,-117.8,2.117
3.5521,8.0,5.292527821939586,1.1971383147853736,1312.0,2.0858505564387917,33.6,-117.71,2.298
3.9766,14.0,6.58664546899841,1.0429252782193958,1569.0,2.494435612082671,38.44,-122.78,3.453
1.8214,23.0,3.4574557708508844,1.0732940185341195,4729.0,3.9839932603201347,33.19,-117.37,1.738
2.3571,36.0,5.069026548672566,1.0672566371681416,1155.0,2.0442477876106193,37.99,-120.38,1.134
6.4797,25.0,7.529644268774703,0.9881422924901185,865.0,3.41897233201581,32.8,-117.05,2.49
5.0376,52.0,8.564179104477612,1.773134328358209,500.0,1.492537313432836,37.8,-122.44,5.00001
2.4306,39.0,4.899209486166008,1.0691699604743083,1990.0,3.932806324110672,37.34,-121.87,2.891
1.9375,16.0,5.303664921465969,1.036649214659686,1031.0,2.6989528795811517,39.75,-122.23,0.731
2.5743,9.0,6.587012987012987,1.2961038961038962,832.0,2.161038961038961,34.59,-120.14,3.098
2.8561,36.0,4.259189443920829,1.0188501413760602,4818.0,4.5409990574929315,34.19,-119.18,1.791
7.7684,13.0,8.446691176470589,1.0422794117647058,1643.0,3.020220588235294,33.04,-117.01,3.623
5.5,45.0,6.482558139534884,1.058139534883721,949.0,2.758720930232558,33.97,-118.34,1.882
3.2284,18.0,4.219094247246022,1.0489596083231334,3663.0,4.483476132190942,34.25,-118.41,1.571
3.9698,15.0,5.394833948339484,1.011070110701107,1002.0,3.697416974169742,32.58,-117.08,1.427
1.9688,37.0,4.017021276595744,1.0382978723404255,1107.0,4.7106382978723405,34.28,-118.44,1.441
3.4474,28.0,4.4487394957983195,1.1058823529411765,1459.0,2.4521008403361346,33.72,-118.3,2.534
2.4735,43.0,5.185792349726776,1.1420765027322404,971.0,2.6530054644808745,34.1,-117.43,0.899
4.65,36.0,5.5787545787545785,1.006105006105006,1950.0,2.380952380952381,37.71,-122.11,2.068
3.2135,4.0,5.764026402640264,1.0041254125412542,2801.0,2.311056105610561,34.91,-120.42,2.127
4.9167,16.0,4.558109833971903,1.0485312899106003,1505.0,1.922094508301405,34.13,-118.14,2.511
2.3015,36.0,5.2846299810246675,1.094876660341556,1275.0,2.4193548387096775,32.76,-117.06,1.568
7.5655,37.0,6.9798994974874375,1.0251256281407035,1577.0,2.641541038525963,37.38,-122.1,5.00001
3.7974,40.0,6.016064257028113,1.1726907630522088,707.0,2.8393574297188753,34.26,-119.02,2.287
3.8056,35.0,5.1679389312977095,1.083969465648855,501.0,1.9122137404580153,34.16,-118.4,3.847
2.5139,50.0,4.5474006116207955,0.9357798165137615,730.0,2.232415902140673,37.78,-122.28,2.19
1.8357,24.0,3.8771384136858478,1.077760497667185,1420.0,2.208398133748056,32.8,-116.96,1.042
3.1442,30.0,5.780487804878049,1.0048780487804878,1248.0,3.0439024390243903,36.7,-119.57,0.723
3.6827,44.0,4.351464435146443,1.0230125523012552,1781.0,3.725941422594142,37.71,-122.42,2.153
4.375,51.0,6.5021645021645025,1.051948051948052,586.0,2.536796536796537,34.19,-118.3,3.324
4.0125,29.0,5.720268006700167,1.0569514237855946,1527.0,2.557788944723618,35.44,-119.02,0.844
2.25,50.0,4.20722891566265,1.1566265060240963,1149.0,2.7686746987951807,37.8,-122.23,1.235
4.3468,33.0,4.639815880322209,0.998849252013809,1695.0,1.9505178365937859,34.15,-118.41,4.259
8.6088,16.0,8.776744186046512,1.0604651162790697,1587.0,3.6906976744186046,33.65,-117.71,3.074
1.8417,13.0,4.770642201834862,1.055045871559633,249.0,2.2844036697247705,38.92,-122.62,0.847
5.8325,26.0,5.350140056022409,1.0392156862745099,852.0,2.3865546218487395,37.54,-122.0,2.989
1.9528,13.0,4.23142509135201,1.1291108404384897,2149.0,2.617539585870889,37.32,-120.49,0.853
3.8935,27.0,4.8406113537117905,1.1353711790393013,806.0,1.759825327510917,33.98,-118.46,5.00001
3.0222,17.0,4.576470588235294,1.2823529411764707,1392.0,2.0470588235294116,37.68,-121.78,1.725
1.4639,6.0,3.6898263027295286,1.1612903225806452,1509.0,3.7444168734491314,34.0,-118.29,1.125
3.1975,24.0,4.218608852755194,1.070460704607046,2478.0,2.238482384823848,34.1,-118.13,2.524
1.9837,37.0,4.786516853932584,1.0140449438202248,902.0,2.533707865168539,38.53,-121.48,0.623
5.8666,37.0,5.824561403508772,1.0964912280701755,626.0,2.745614035087719,34.01,-118.45,4.401
3.5057,36.0,5.544117647058823,1.0252100840336134,1111.0,2.3340336134453783,37.94,-122.07,2.051
3.1635,34.0,5.767650834403081,1.0757381258023107,2335.0,2.9974326059050065,34.52,-117.3,0.743
5.8548,7.0,6.444206008583691,1.0815450643776825,1143.0,2.4527896995708156,34.14,-118.79,5.00001
4.0647,14.0,5.279596977329975,1.057934508816121,926.0,2.332493702770781,38.46,-122.65,1.878
2.0313,17.0,6.060728744939271,1.2469635627530364,1425.0,5.769230769230769,36.57,-119.97,0.694
3.6292,36.0,4.583333333333333,1.060897435897436,1502.0,4.814102564102564,34.25,-118.42,1.452
3.1796,30.0,5.126074498567335,1.1528175740210125,2667.0,2.5472779369627507,37.68,-122.06,1.703
